mfcc_1_mean,mfcc_1_std,mfcc_2_mean,mfcc_2_std,mfcc_3_mean,mfcc_3_std,mfcc_4_mean,mfcc_4_std,mfcc_5_mean,mfcc_5_std,mfcc_6_mean,mfcc_6_std,mfcc_7_mean,mfcc_7_std,mfcc_8_mean,mfcc_8_std,mfcc_9_mean,mfcc_9_std,mfcc_10_mean,mfcc_10_std,mfcc_11_mean,mfcc_11_std,mfcc_12_mean,mfcc_12_std,mfcc_13_mean,mfcc_13_std,pitch_mean,pitch_std,pitch_min,pitch_max,rms_mean,rms_std,zcr_mean,zcr_std,spectral_centroid_mean,spectral_centroid_std,spectral_rolloff_mean,spectral_rolloff_std,spectral_bandwidth_mean,spectral_bandwidth_std,label,filename
-142.03976440429688,53.477500915527344,56.812652587890625,59.23295211791992,37.00128173828125,34.013282775878906,17.369565963745117,21.79762840270996,7.225286960601807,14.004128456115723,3.1928677558898926,8.78007984161377,0.08211079239845276,6.642539024353027,-3.5665745735168457,9.603702545166016,-3.5236093997955322,9.364774703979492,-3.339482307434082,7.795766353607178,-3.100010871887207,6.995504379272461,-2.5250747203826904,5.732491970062256,-0.8135998249053955,5.266026973724365,221.10682678222656,102.1327896118164,67.95906066894531,397.2919006347656,0.2004653662443161,0.2002820074558258,0.23638298806179775,0.21367867157024945,2389.0990626572952,1442.5188879669715,4328.037219101124,2632.532209886216,2049.2808928268887,405.246020664302,dysarthria,sample_dysarthria_01.wav
-142.38900756835938,54.091583251953125,56.91495132446289,59.764312744140625,36.23866653442383,33.4119987487793,16.579269409179688,20.80565071105957,6.9239630699157715,12.192300796508789,3.7533681392669678,8.288400650024414,-0.5484073162078857,6.735823631286621,-3.37172269821167,9.9673490524292,-4.326023578643799,9.171402931213379,-4.8069682121276855,8.22352123260498,-3.3249943256378174,7.385866165161133,-1.6587520837783813,5.456196308135986,0.6045181751251221,5.3226542472839355,195.25747680664062,96.24287414550781,66.6954345703125,389.6788330078125,0.1961616724729538,0.19588884711265564,0.23528024051966293,0.2115841539197488,2404.3892859522543,1445.4662310550975,4343.662219101124,2624.141251148565,2046.2397981372012,409.7862633870937,dysarthria,sample_dysarthria_02.wav
-142.2069854736328,53.34831237792969,57.33435821533203,58.60465621948242,36.56877899169922,33.56293869018555,17.8023681640625,21.36216163635254,8.152032852172852,13.673099517822266,4.010980606079102,8.853075981140137,0.5428646206855774,6.061889171600342,-2.846055030822754,9.57674503326416,-3.5443084239959717,9.642321586608887,-3.6778781414031982,7.408524513244629,-3.041466236114502,6.490880966186523,-1.9059107303619385,6.393675804138184,0.20345567166805267,4.734506130218506,202.58578491210938,96.31851959228516,66.82798767089844,393.4350891113281,0.20121222734451294,0.2022268921136856,0.23265778616573032,0.2086746834157859,2381.366812372924,1431.589666982925,4318.030196629214,2627.3870781814458,2047.8255419734878,410.16912951687965,dysarthria,sample_dysarthria_03.wav
-145.93154907226562,55.552005767822266,52.45878219604492,60.131004333496094,30.50963592529297,33.800201416015625,12.857718467712402,20.391843795776367,5.707853317260742,11.820940017700195,2.290407180786133,7.77759313583374,-1.104474425315857,8.625179290771484,-2.9930360317230225,10.48394775390625,-4.065158367156982,9.017884254455566,-3.3772237300872803,7.950497627258301,-2.7288644313812256,6.367150783538818,-0.9856317639350891,5.969842910766602,0.7181603312492371,4.787030220031738,229.5269317626953,98.35208892822266,76.07281494140625,399.1641845703125,0.17227664589881897,0.18980246782302856,0.2663552224099099,0.2127217326542651,2557.996275915412,1426.958218914394,4596.846846846847,2549.0529758328107,2070.366892070053,399.318572866516,dysarthria,sample_dysarthria_04.wav
-141.22691345214844,53.0779914855957,58.453617095947266,59.164100646972656,37.73319625854492,33.410980224609375,17.366310119628906,21.831005096435547,7.89484977722168,13.861272811889648,4.166201591491699,8.77580451965332,-0.4047848880290985,6.1429123878479,-3.1982362270355225,9.946715354919434,-3.595560073852539,9.383490562438965,-3.3142454624176025,7.370728492736816,-2.6795685291290283,6.786957263946533,-1.7843437194824219,5.792306900024414,-0.13748617470264435,4.6162333488464355,210.0897979736328,95.73638916015625,68.2572021484375,393.734130859375,0.20363904535770416,0.19953776895999908,0.23488573096264367,0.21950954006496207,2358.4107096076204,1449.7553509419736,4257.183908045977,2637.2756684599394,2040.5890530414522,406.80493094986,dysarthria,sample_dysarthria_05.wav
-142.276611328125,53.955867767333984,57.65530014038086,59.6455192565918,36.819515228271484,33.28513717651367,15.772254943847656,21.09742546081543,6.3119988441467285,12.606668472290039,3.0392978191375732,8.808237075805664,-0.624291181564331,6.5815300941467285,-3.9036707878112793,10.718171119689941,-4.200462341308594,9.883111000061035,-4.329065322875977,8.385721206665039,-3.634371757507324,6.974600791931152,-2.0251004695892334,5.7164812088012695,0.4831506609916687,5.156019687652588,209.1483917236328,95.76670837402344,67.35896301269531,394.0119323730469,0.20234587788581848,0.20280103385448456,0.23672313904494383,0.21470269161436986,2396.5430337266953,1456.4766997750996,4321.1025280898875,2639.953844004996,2045.9154110423494,417.9101748784706,dysarthria,sample_dysarthria_06.wav
-143.6798858642578,54.45438766479492,57.34041976928711,59.52001190185547,36.898223876953125,32.416934967041016,16.725984573364258,20.9311580657959,6.877285003662109,12.751209259033203,3.0706660747528076,8.555965423583984,-0.32981640100479126,6.682293891906738,-3.499128818511963,10.1549654006958,-4.1551737785339355,9.961723327636719,-3.741163969039917,8.886518478393555,-3.7381246089935303,7.551113128662109,-1.8636845350265503,5.953884124755859,0.7986772656440735,4.655091762542725,216.14976501464844,99.21521759033203,66.92798614501953,399.1650695800781,0.19781269133090973,0.20034289360046387,0.23644333742977527,0.2137470941438413,2404.486645734783,1450.0996210551932,4331.372893258427,2638.8284667310577,2047.1411527380012,415.1099381170367,dysarthria,sample_dysarthria_07.wav
-141.66531372070312,54.46581268310547,57.85942840576172,60.30792236328125,36.37028884887695,32.489784240722656,15.906627655029297,20.419681549072266,6.474396705627441,11.574243545532227,2.4749808311462402,8.216087341308594,-1.4597874879837036,7.730685234069824,-4.225973606109619,10.815698623657227,-4.718718528747559,9.656511306762695,-3.98740553855896,8.31884765625,-3.760979175567627,7.169275760650635,-2.187279462814331,5.856185436248779,0.6944828033447266,4.25501012802124,219.03005981445312,98.09796905517578,69.79594421386719,396.9375,0.20055650174617767,0.20161846280097961,0.23951018258426968,0.21464269642513298,2404.841356991116,1450.7965861268235,4337.693117977528,2631.493177509593,2042.76895911369,421.712320716574,dysarthria,sample_dysarthria_08.wav
-133.19996643066406,62.500091552734375,61.63717269897461,64.09819030761719,31.877391815185547,31.310848236083984,11.085290908813477,19.401262283325195,5.386063098907471,11.35941219329834,1.5934473276138306,8.351119995117188,-2.8743274211883545,9.860301971435547,-4.325191020965576,9.823461532592773,-3.9138314723968506,8.73778247833252,-3.3299293518066406,7.134920597076416,-2.1366546154022217,7.293971538543701,-0.09405618160963058,7.055281639099121,0.428867369890213,4.406859397888184,233.80221557617188,95.72866821289062,70.08492279052734,398.8838195800781,0.19529367983341217,0.19904446601867676,0.2492555712090164,0.21405272273194817,2429.3374812922043,1444.174686950254,4356.8775614754095,2617.681639642483,2023.8332070304928,433.66266196017386,dysarthria,sample_dysarthria_09.wav
-140.13320922851562,53.376487731933594,59.82036209106445,60.265323638916016,37.27745819091797,32.930999755859375,16.53427505493164,21.2932186126709,7.209335803985596,12.591124534606934,3.0784177780151367,8.138883590698242,-0.06671464443206787,6.9753828048706055,-3.8559062480926514,10.957855224609375,-4.341949939727783,9.390128135681152,-3.736948013305664,8.181225776672363,-3.0878682136535645,6.953296184539795,-1.2957217693328857,5.906839370727539,0.48762691020965576,4.663105010986328,207.86537170410156,95.76175689697266,68.59541320800781,398.981689453125,0.2067454308271408,0.20218321681022644,0.23280228015988372,0.216032317596852,2350.3613140899906,1462.701731492124,4221.021075581395,2661.9266639562925,2027.1947001853368,421.4548535255087,dysarthria,sample_dysarthria_10.wav
-142.0615692138672,54.45433044433594,57.98790740966797,59.9499397277832,35.3645133972168,32.87970733642578,15.61335563659668,20.316139221191406,6.456940650939941,11.846193313598633,1.7392526865005493,8.262187004089355,-1.3485591411590576,7.7189717292785645,-4.492082118988037,11.179810523986816,-5.173706531524658,9.008670806884766,-4.069517135620117,8.387064933776855,-3.1440134048461914,7.499017238616943,-1.95654296875,5.839975833892822,0.4902340769767761,4.437922477722168,202.09458923339844,93.50902557373047,70.06703186035156,391.99127197265625,0.1989714652299881,0.19910280406475067,0.23568074087078653,0.2120987185585826,2389.403462920257,1440.093718850117,4313.202247191011,2633.1969732197667,2041.9673975873732,416.112788000315,dysarthria,sample_dysarthria_11.wav
-142.04075622558594,54.005165100097656,57.28888702392578,59.729583740234375,36.10433578491211,33.0750846862793,16.01441192626953,21.79855728149414,6.505189418792725,13.15308666229248,2.815154552459717,7.964745044708252,-0.3899364173412323,6.99355411529541,-3.3696374893188477,10.578503608703613,-4.148245811462402,9.57321548461914,-3.8120639324188232,7.506192684173584,-3.0776185989379883,7.245754718780518,-1.6838442087173462,6.163540840148926,0.7370566129684448,4.832136631011963,211.4657440185547,104.56399536132812,71.19235229492188,393.9044189453125,0.19846604764461517,0.19760388135910034,0.2384787570224719,0.21513691423351428,2400.1058495595344,1451.3640283705577,4325.754915730337,2635.333731508065,2046.9163266065952,412.5500776088891,dysarthria,sample_dysarthria_12.wav
-145.74119567871094,55.452877044677734,51.932918548583984,59.89494323730469,31.272960662841797,31.738082885742188,13.309149742126465,18.862215042114258,5.337436676025391,10.994392395019531,1.4520562887191772,7.250593662261963,-1.782550573348999,8.079477310180664,-4.2927446365356445,9.738471984863281,-4.406333923339844,9.061863899230957,-3.3128325939178467,8.058934211730957,-2.927517890930176,6.83768892288208,-0.856960117816925,5.524770259857178,0.9077959656715393,4.603662014007568,210.80599975585938,102.892333984375,67.64616394042969,398.3077087402344,0.17187853157520294,0.19000084698200226,0.2706720525568182,0.21602637564202612,2583.060192756323,1441.2229778405297,4635.440340909091,2566.600290867555,2076.762558126962,400.45214629291104,dysarthria,sample_dysarthria_13.wav
-140.63644409179688,59.11008834838867,56.474388122558594,63.616432189941406,32.99919128417969,32.51153564453125,13.837475776672363,20.453689575195312,6.953741073608398,12.971999168395996,3.687673807144165,8.014201164245605,-0.419989675283432,7.724760055541992,-3.486501693725586,9.014086723327637,-3.884902238845825,8.418023109436035,-3.15929913520813,6.735703945159912,-1.990155577659607,6.3529438972473145,-0.86453777551651,6.754426002502441,-0.22795720398426056,4.949412822723389,227.17137145996094,105.38321685791016,69.81395721435547,398.02294921875,0.19056595861911774,0.2026630938053131,0.25960427989130436,0.21743073047873646,2500.2364162545227,1468.8386338879297,4475.135869565217,2626.660759623412,2039.5424158215708,426.9735483157219,dysarthria,sample_dysarthria_14.wav
-143.51416015625,53.404476165771484,56.50067901611328,59.38260269165039,37.31375503540039,33.78040313720703,17.62932777404785,21.769187927246094,7.870398998260498,13.957062721252441,4.911016464233398,8.636544227600098,1.2658449411392212,5.724116802215576,-3.2708988189697266,9.30544662475586,-4.546908855438232,8.745336532592773,-3.254213809967041,7.561321258544922,-2.5870132446289062,7.113165855407715,-2.373349905014038,6.0350728034973145,-0.13285964727401733,4.8943190574646,207.4320526123047,99.36531829833984,68.52625274658203,399.23828125,0.20109108090400696,0.20231331884860992,0.23674508426966293,0.21176205437312806,2401.0314539320043,1452.650286832161,4348.753511235955,2647.5978156624665,2051.520858638306,417.42040140261264,dysarthria,sample_dysarthria_15.wav
-140.75997924804688,52.74119567871094,58.75078582763672,58.79964065551758,38.1395378112793,33.09524154663086,17.473691940307617,21.435739517211914,7.452548503875732,13.258277893066406,4.201719284057617,8.336518287658691,0.1166667714715004,6.202348709106445,-3.4600443840026855,10.19715690612793,-3.9906599521636963,9.238787651062012,-3.5311264991760254,7.394772052764893,-3.121769428253174,6.721465587615967,-2.325340986251831,5.623904705047607,0.25928568840026855,4.798854351043701,215.59503173828125,101.51251983642578,76.32997131347656,397.8298645019531,0.20272018015384674,0.1992005556821823,0.23261830998563218,0.21828360185097126,2360.8945422261318,1442.4267596974169,4268.139367816092,2630.852181883005,2046.3799066238678,407.0942852181848,dysarthria,sample_dysarthria_16.wav
-141.09414672851562,54.23612594604492,57.60524368286133,60.01514434814453,36.0667724609375,33.4213981628418,16.153141021728516,20.552974700927734,6.414055347442627,12.207584381103516,2.5703861713409424,7.690021991729736,-1.227170705795288,7.886960506439209,-4.223620414733887,10.3228178024292,-5.2459845542907715,9.14765453338623,-4.677700996398926,8.8727388381958,-3.074528694152832,7.8991923332214355,-1.5010751485824585,5.840687274932861,0.7236100435256958,4.39152193069458,208.58810424804688,95.66879272460938,72.07681274414062,386.5390625,0.20470812916755676,0.20360352098941803,0.23665945870535715,0.21459773999898582,2383.354983951903,1448.3883091778418,4286.086309523809,2653.531167412049,2036.5452433742043,417.8632029678126,dysarthria,sample_dysarthria_17.wav
-140.69146728515625,58.555450439453125,56.091983795166016,63.010501861572266,32.96468734741211,33.057716369628906,14.289324760437012,21.47871208190918,7.128815174102783,13.644146919250488,4.7622904777526855,8.582886695861816,0.3467490077018738,6.86224365234375,-2.819190263748169,7.908600330352783,-2.132769823074341,8.31235122680664,-1.767073154449463,6.236380577087402,-2.114856481552124,6.248188018798828,-1.2502164840698242,6.582896709442139,0.15360677242279053,5.3857102394104,214.30726623535156,94.00572204589844,70.0541000366211,395.7323303222656,0.18941499292850494,0.20014983415603638,0.25955332880434784,0.2177229006713439,2491.2486836963426,1465.9241045757683,4462.635869565217,2630.442844588234,2042.2501163835298,425.6302018675135,dysarthria,sample_dysarthria_18.wav
-143.002685546875,53.07636642456055,57.4082145690918,59.134586334228516,37.00204086303711,33.8235969543457,16.49571990966797,21.38504409790039,7.570189952850342,13.874042510986328,4.1924824714660645,8.746843338012695,0.8304388523101807,5.142595291137695,-2.719599723815918,9.654245376586914,-3.5702779293060303,9.448893547058105,-3.6622722148895264,7.920103073120117,-2.8965401649475098,7.034758567810059,-2.2102468013763428,5.677603244781494,-0.2960392236709595,4.586581707000732,217.1772918701172,98.45366668701172,67.9333267211914,397.7189636230469,0.19947710633277893,0.19908612966537476,0.2334423279494382,0.21208246109716997,2386.135489594656,1441.0266975872157,4314.782303370786,2632.355765864902,2051.8253025774084,407.72065998191584,dysarthria,sample_dysarthria_19.wav
-144.27902221679688,56.95124435424805,52.95964431762695,60.82390594482422,31.59141731262207,33.36259078979492,13.972100257873535,20.48130226135254,7.021975517272949,11.869513511657715,3.8871443271636963,7.01677942276001,-0.09508882462978363,6.945420742034912,-3.7534143924713135,9.150672912597656,-3.7484097480773926,8.59534740447998,-3.034646511077881,7.548092842102051,-1.5929372310638428,6.5680389404296875,-0.7309207916259766,6.285549640655518,0.5959557890892029,4.606154918670654,216.82383728027344,98.48041534423828,73.38960266113281,397.3072204589844,0.17865443229675293,0.19413338601589203,0.26400320870535715,0.21678903154877277,2543.5227611638547,1453.5909010642245,4558.942522321428,2599.9764930569713,2066.139113513407,403.6127301203008,dysarthria,sample_dysarthria_20.wav
55.1897087097168,50.21647644042969,-3.1049604415893555,2.831949472427368,0.33624228835105896,2.8236923217773438,-0.16542759537696838,2.809706211090088,0.32877981662750244,2.302640438079834,0.05209549888968468,2.98994779586792,-0.1066514179110527,2.9099526405334473,0.4844178855419159,2.775627613067627,0.5016986131668091,2.706038475036621,0.9512291550636292,3.3157639503479004,0.3206922709941864,3.0675442218780518,-0.12619231641292572,3.096924066543579,-0.3386276364326477,2.8484015464782715,226.08230590820312,102.94623565673828,67.59664916992188,398.17132568359375,0.22016173601150513,0.10331226885318756,0.4940690665409483,0.035482493547056224,4007.7829251672247,54.76715511478602,6799.299568965517,54.86437868330952,2312.8820915218807,21.235519909815597,dysphonia,sample_dysphonia_01.wav
47.94808578491211,48.93128967285156,-2.646460771560669,2.393371343612671,0.5671575665473938,3.0041799545288086,0.33277255296707153,3.195911407470703,0.019204430282115936,2.8131282329559326,0.03838473558425903,2.922126054763794,0.35382765531539917,2.3850111961364746,0.09363753348588943,2.492304801940918,-0.4423311650753021,2.7231929302215576,-0.9547680020332336,2.676774024963379,-0.13042281568050385,2.932111978530884,0.3827701210975647,2.743905782699585,-0.0704384371638298,3.0460615158081055,242.6696014404297,101.69473266601562,70.13414001464844,399.4577331542969,0.2028525471687317,0.09463050961494446,0.4953721308075221,0.03394294302138129,3998.4033025926237,47.235437906525746,6802.129424778761,69.53185186267015,2313.9242095561426,24.35912537720069,dysphonia,sample_dysphonia_02.wav
51.802513122558594,49.51543426513672,-3.167067050933838,2.797978162765503,0.3906458914279938,2.6391890048980713,0.38759925961494446,2.8736917972564697,-0.21241337060928345,2.9346067905426025,-0.3399619460105896,2.6023313999176025,-0.1929837316274643,3.1058735847473145,0.22161974012851715,2.757880210876465,-0.08537042140960693,2.714376926422119,-0.3837938904762268,2.74074649810791,1.0323063135147095,2.6021995544433594,0.8031753301620483,2.6130573749542236,-0.34345564246177673,2.7087759971618652,226.283447265625,92.27508544921875,71.82627868652344,397.31085205078125,0.2128911167383194,0.10078412294387817,0.49400854892418034,0.02983340969378712,4002.537716961633,47.404016046257915,6801.86987704918,71.99340949804305,2309.769043012608,28.53238271198957,dysphonia,sample_dysphonia_03.wav
51.48796844482422,50.003475189208984,-3.2101004123687744,3.2288944721221924,0.2583298981189728,2.349583625793457,0.5129220485687256,2.8353443145751953,-0.38600262999534607,2.4176881313323975,-0.6832629442214966,2.6749303340911865,-0.09438347071409225,2.979372978210449,0.19766618311405182,2.8100268840789795,-0.2252916842699051,3.0620932579040527,-0.5968099236488342,2.879859209060669,-0.45189395546913147,2.7962305545806885,-0.5497639775276184,2.59592866897583,-0.37064501643180847,3.191636562347412,262.4842834472656,86.01048278808594,78.34351348876953,389.8937683105469,0.2117195874452591,0.09911582618951797,0.4912890625,0.03735244458227564,3996.7675565545314,59.0861600960788,6799.0625,55.34294712856373,2306.976242374635,21.32612891257076,dysphonia,sample_dysphonia_04.wav
55.62574005126953,49.22124099731445,-2.6378769874572754,2.469472885131836,0.41162529587745667,2.4687271118164062,0.4995974898338318,2.8751556873321533,0.9549499750137329,2.7205817699432373,-0.5039792656898499,2.484175682067871,-0.808225154876709,2.669160842895508,-0.2794114649295807,3.0627622604370117,0.3004651367664337,2.899411678314209,0.2728714942932129,2.7840464115142822,-0.48660463094711304,2.6105093955993652,-0.25677210092544556,2.368436574935913,-0.3365265429019928,2.9191696643829346,232.4775848388672,92.95414733886719,67.29656982421875,391.64776611328125,0.22020381689071655,0.10486534237861633,0.4965254934210526,0.03372069509883142,3997.4558306579893,46.73885636150987,6803.371710526316,62.43471746369538,2314.9461035902814,25.04236978025833,dysphonia,sample_dysphonia_05.wav
48.49878692626953,49.100791931152344,-3.045053005218506,2.594512939453125,0.46515339612960815,3.4721083641052246,0.6647132039070129,2.939098596572876,-0.3721022605895996,2.7993831634521484,-0.5359737277030945,3.4637985229492188,0.31084781885147095,2.84175181388855,0.2761966288089752,2.9936678409576416,0.617112398147583,2.6424055099487305,-0.33773359656333923,2.3311221599578857,-1.070870041847229,2.894037961959839,-0.1677471250295639,2.7633516788482666,-0.1388925313949585,2.9493420124053955,219.90408325195312,106.54766845703125,67.56636047363281,398.46295166015625,0.20438584685325623,0.09448681026697159,0.4949147294207317,0.039885760031434896,4003.3408221879786,52.261917611425396,6798.780487804878,69.56283298458534,2311.0076038057746,23.465649687509273,dysphonia,sample_dysphonia_06.wav
50.73713302612305,48.968875885009766,-2.6008188724517822,2.8866846561431885,0.8258528709411621,2.22729229927063,0.681556224822998,2.4539504051208496,0.5906305313110352,2.727069854736328,-0.291922003030777,2.692312479019165,0.2199748307466507,2.682117462158203,-0.292431503534317,2.8092174530029297,-0.7809074521064758,2.6878015995025635,-0.23740704357624054,2.7421562671661377,-0.1779998391866684,2.2929158210754395,-0.2633453905582428,2.045961380004883,-0.6926045417785645,2.742823600769043,234.1484375,96.24853515625,66.78929138183594,399.0716857910156,0.20925064384937286,0.09931199997663498,0.4925079345703125,0.037133047224798814,3997.8616812661653,50.67240908804168,6803.792317708333,55.10293508498246,2316.1556814714595,21.21493481850865,dysphonia,sample_dysphonia_07.wav
53.79695510864258,50.37442398071289,-3.1702370643615723,2.9607553482055664,-0.11651632934808731,2.376544237136841,0.5824868679046631,2.7663166522979736,0.032704997807741165,2.869035005569458,-0.18129195272922516,3.010941982269287,0.08994292467832565,3.3201634883880615,0.10399063676595688,2.9309070110321045,0.004456447437405586,2.8253607749938965,-0.007634238339960575,2.749884605407715,0.3433459401130676,2.76448655128479,0.18672634661197662,2.6207401752471924,0.6361574530601501,2.801453113555908,223.46957397460938,98.78626251220703,78.08267974853516,399.5870056152344,0.21839748322963715,0.10662829875946045,0.4905125098892405,0.04379463357865302,3996.3537675680177,56.23896918572351,6808.346518987341,59.48310345189318,2309.532468341906,22.34125041991201,dysphonia,sample_dysphonia_08.wav
41.50564193725586,49.23918151855469,-3.4841055870056152,2.760453462600708,0.2917429506778717,2.508364677429199,0.49777212738990784,2.7858834266662598,0.8391138315200806,2.5770132541656494,-0.009152351878583431,2.5571436882019043,0.3057202398777008,2.8567984104156494,0.07961173355579376,2.602658987045288,-0.6500110030174255,2.355506181716919,-0.3131602108478546,2.683124542236328,-0.1549704521894455,2.687958240509033,-0.17354716360569,3.0104498863220215,0.3044252395629883,2.890061378479004,246.12347412109375,99.95362854003906,81.04710388183594,395.52044677734375,0.19158603250980377,0.08886680752038956,0.49690193965517243,0.03141838637961927,4010.1897823219933,47.45259286820545,6809.738685344828,72.49555184738894,2313.946855512913,26.32865643495231,dysphonia,sample_dysphonia_09.wav
51.19464111328125,49.559471130371094,-2.757207155227661,2.777453660964966,0.3881841003894806,2.383253335952759,-0.23348672688007355,2.721369504928589,0.4626220762729645,2.6954667568206787,0.46279141306877136,2.970365285873413,-0.15090523660182953,2.8300251960754395,-0.09637428820133209,2.9417481422424316,0.03771595284342766,2.900852680206299,0.09390011429786682,2.482510805130005,-0.14073434472084045,2.738067388534546,-0.011440235190093517,2.8617560863494873,-0.7332503795623779,3.000562906265259,231.52304077148438,91.79002380371094,70.23898315429688,397.86334228515625,0.21100406348705292,0.09930119663476944,0.49512791895604397,0.03275530019152228,3999.854325876103,48.69352296254248,6800.051510989011,62.01496656236015,2315.0889591291834,22.699082992359184,dysphonia,sample_dysphonia_10.wav
46.43165588378906,50.14046096801758,-3.0430867671966553,2.9386305809020996,0.02033196948468685,2.425713062286377,0.24418507516384125,2.8876354694366455,-0.30612093210220337,2.5939924716949463,-0.2583857774734497,3.0548036098480225,-0.39519718289375305,2.8329408168792725,0.025598343461751938,2.665409564971924,0.858085572719574,3.181196451187134,0.00981803797185421,3.1320464611053467,0.09426552802324295,2.4750168323516846,-0.1945127695798874,2.966417074203491,-0.21077270805835724,2.1833925247192383,228.1824188232422,101.54570007324219,75.46097564697266,399.816162109375,0.20232829451560974,0.0967487320303917,0.49198360233516486,0.03521254997790095,3992.257971352814,51.1468321881516,6798.076923076923,63.38363881459235,2309.81137273335,25.580602722742157,dysphonia,sample_dysphonia_11.wav
39.165653228759766,49.86750411987305,-4.00799560546875,2.8127520084381104,0.5161803364753723,2.950432300567627,1.0995705127716064,3.0303525924682617,0.5897650718688965,2.6644201278686523,-0.3904937505722046,2.9646618366241455,-0.3900791108608246,3.0070126056671143,-0.03932584822177887,2.499178409576416,-0.4162863790988922,2.7096056938171387,-0.16197961568832397,3.0270912647247314,0.8236193060874939,3.2354848384857178,0.981756329536438,2.807215690612793,0.19805908203125,2.467852830886841,224.63572692871094,98.53958892822266,71.50113677978516,397.668701171875,0.18862181901931763,0.08883832395076752,0.4953201808286517,0.0424172540881047,4013.671403740488,54.14781554180475,6797.577247191011,63.85298675082235,2306.3307383396914,26.129200789963193,dysphonia,sample_dysphonia_12.wav
48.44947052001953,49.458717346191406,-2.8467228412628174,2.6696877479553223,0.6062925457954407,2.73038387298584,0.08526722341775894,2.4998252391815186,0.6314879655838013,2.6242823600769043,0.2642035484313965,3.2134571075439453,0.22520142793655396,2.6244118213653564,0.4711091220378876,2.9345057010650635,-0.02580377086997032,2.2749264240264893,-0.4515243172645569,3.033992290496826,-0.2496829479932785,2.4884157180786133,0.4183045029640198,2.319767475128174,0.05415496230125427,2.5844247341156006,204.621337890625,95.07157135009766,69.06525421142578,397.5107421875,0.20504020154476166,0.09851757436990738,0.49726809731012656,0.03647998418393607,4007.6003026624353,45.12065906181707,6807.357594936709,59.027417781162285,2314.9181898858737,21.11687852820155,dysphonia,sample_dysphonia_13.wav
54.4867057800293,49.10468673706055,-3.4349238872528076,3.074605941772461,0.05395401641726494,2.9533498287200928,-0.028628110885620117,2.8856263160705566,0.31028640270233154,2.9005496501922607,-0.37157678604125977,2.6841490268707275,-0.3719196021556854,2.6486117839813232,-0.04520285129547119,2.8623812198638916,-0.7489680647850037,3.048372268676758,-0.9423331618309021,2.816337823867798,-0.08340420573949814,2.7368664741516113,-0.06539461016654968,2.6521549224853516,-0.8911463618278503,2.7258520126342773,238.9555206298828,91.28192138671875,70.30842590332031,397.3272399902344,0.21848781406879425,0.10485619306564331,0.4949849446614583,0.040701219947751936,4009.3269794937933,54.56177880334484,6805.257161458333,68.76040100643013,2311.6889129764454,26.522205152025794,dysphonia,sample_dysphonia_14.wav
50.274131774902344,49.912803649902344,-3.195096969604492,2.6187710762023926,-0.1356808841228485,2.5551369190216064,0.7490139603614807,3.0843539237976074,0.9143861532211304,2.7099595069885254,-0.5247812271118164,2.581244945526123,-0.9897225499153137,2.56573486328125,-0.23616023361682892,2.576378107070923,0.18609756231307983,2.5363645553588867,0.2112022489309311,2.47363543510437,-0.2396259605884552,2.495516300201416,-0.4703637659549713,2.699479818344116,-0.19608131051063538,2.5719923973083496,245.1776580810547,94.35102844238281,77.36114501953125,396.42083740234375,0.20922794938087463,0.09814851731061935,0.49216663327991456,0.031741163497753126,3993.891077811584,49.68061115524565,6793.870192307692,67.49106964203999,2309.544333089621,23.939782701943507,dysphonia,sample_dysphonia_15.wav
47.182151794433594,48.188133239746094,-3.562844753265381,2.531769037246704,0.6136609315872192,2.4577643871307373,0.7235292196273804,3.0980224609375,0.4246271848678589,2.7526073455810547,-0.2826211750507355,2.412660837173462,0.6970716714859009,2.865675210952759,0.3880954682826996,3.136446237564087,0.36171257495880127,2.816483974456787,0.5281316637992859,3.076125383377075,-0.27213141322135925,2.9881651401519775,-0.33972182869911194,3.228862762451172,0.6504071354866028,2.806903839111328,235.45223999023438,95.4751205444336,66.78166198730469,392.6694030761719,0.20299911499023438,0.09466307610273361,0.49873408564814814,0.034933319772646944,4012.048618668845,50.19276003436904,6818.190586419753,70.81984682423834,2312.252388210066,26.794041219259462,dysphonia,sample_dysphonia_16.wav
51.4157829284668,49.144073486328125,-2.9713551998138428,2.3703534603118896,0.1888134628534317,2.5405285358428955,0.19557075202465057,2.701464891433716,-0.163788840174675,2.656522035598755,-0.1487772911787033,2.984398126602173,-0.27213284373283386,2.7089810371398926,-0.5683258175849915,2.3664562702178955,-0.4872228503227234,3.618163824081421,-0.172124445438385,2.8885364532470703,0.0895623043179512,2.7353930473327637,1.2530794143676758,3.0785677433013916,0.2692486047744751,2.875272750854492,244.93284606933594,96.7446060180664,67.5391616821289,399.26910400390625,0.21131359040737152,0.10105419158935547,0.4936745383522727,0.03632571372485367,3993.745065178573,52.36210366841414,6789.133522727273,70.92141211107565,2308.3935805879196,23.09884269506582,dysphonia,sample_dysphonia_17.wav
51.161529541015625,49.035274505615234,-3.7937638759613037,3.1096816062927246,-0.10074152052402496,3.2594242095947266,0.6158902645111084,2.755788803100586,1.132915735244751,2.9264354705810547,1.1570513248443604,2.9013218879699707,0.35706406831741333,2.7632875442504883,-0.42251598834991455,3.3253612518310547,-0.3305888772010803,2.8450729846954346,-0.3829573094844818,3.1681580543518066,-0.24658440053462982,2.424987554550171,-0.00846138410270214,2.6406631469726562,0.3948621153831482,2.783554792404175,235.5519561767578,92.86971282958984,74.34784698486328,398.9462585449219,0.21186573803424835,0.09992928057909012,0.4963243272569444,0.03455152675012682,4004.9294730228294,57.82345725523219,6808.304398148148,63.446125857514645,2309.6625152528536,22.125931607663475,dysphonia,sample_dysphonia_18.wav
52.117313385009766,49.278648376464844,-3.259742259979248,2.794703483581543,0.5944610834121704,2.478747606277466,0.9414616823196411,2.6973459720611572,-0.05663042142987251,2.5173745155334473,-0.5913276672363281,2.7521183490753174,-0.3859444558620453,2.4676449298858643,-0.7972052097320557,2.759728193283081,-0.05745866894721985,2.833818197250366,0.10676565766334534,2.7488903999328613,-0.014392204582691193,2.9458630084991455,0.35788092017173767,2.8364744186401367,0.3802679479122162,2.344473361968994,250.80953979492188,85.87590026855469,68.78377532958984,399.6596374511719,0.2134910374879837,0.0988769680261612,0.4974510063559322,0.03208418595917615,4006.4742178679808,47.43486696806658,6818.392478813559,60.872755634588124,2311.484578725781,20.43232361069015,dysphonia,sample_dysphonia_19.wav
51.217655181884766,49.0711669921875,-2.6786348819732666,3.2183704376220703,0.8068943619728088,3.189541816711426,0.27648618817329407,3.176119804382324,-0.6617234945297241,2.6464812755584717,-0.4990207850933075,2.8460769653320312,-0.35054609179496765,2.826226234436035,0.005437561310827732,2.792854070663452,0.2548767328262329,2.692981004714966,0.5552812814712524,3.2665672302246094,-0.15149958431720734,2.973860502243042,-0.9586902260780334,2.6399288177490234,-0.8148089647293091,2.4787585735321045,246.79212951660156,91.6176528930664,68.24939727783203,386.1340637207031,0.2112521231174469,0.09930983930826187,0.49413601857311323,0.03249869296119976,3997.8019104464493,52.429391456823026,6792.231721698113,59.04921544156645,2309.898003878874,25.28326672374108,dysphonia,sample_dysphonia_20.wav
-199.51747131347656,48.75735092163086,47.0457878112793,48.974700927734375,15.52338981628418,30.687767028808594,-4.261451721191406,26.800722122192383,-5.325263023376465,17.80323028564453,-2.9554543495178223,12.812448501586914,-3.7703940868377686,13.71584701538086,-5.848798751831055,12.672724723815918,-4.125074863433838,11.64918041229248,1.903737187385559,10.928389549255371,5.750305652618408,11.812829971313477,0.5000065565109253,12.432276725769043,-9.211738586425781,13.212821006774902,219.2992706298828,92.09075164794922,70.13182830810547,396.45501708984375,0.15587913990020752,0.13541793823242188,0.2816262901376147,0.17458094539559565,2439.7703190706834,1352.8512577280758,4436.854931192661,2466.6136185285927,2017.2827804076846,445.08843573066093,normal,sample_normal_01.wav
-200.53866577148438,48.68092727661133,48.71754837036133,49.72121047973633,18.46617317199707,29.79368782043457,-1.7290997505187988,26.198501586914062,-4.172137260437012,18.58268928527832,-1.1912025213241577,12.54723834991455,-2.016864538192749,14.080141067504883,-4.349564075469971,13.613848686218262,-2.862276792526245,12.864850997924805,2.140138864517212,12.865401268005371,5.730992317199707,12.806966781616211,2.1600964069366455,10.267441749572754,-7.004852771759033,11.012206077575684,196.8289031982422,91.20284271240234,72.67694854736328,378.9933166503906,0.15571415424346924,0.13534273207187653,0.2843382745726496,0.17618909023309576,2418.6569502877214,1374.7836242823016,4397.302350427351,2498.412219681721,2012.9303633926397,452.1204439688359,normal,sample_normal_02.wav
-201.474853515625,49.33970260620117,46.64157485961914,48.93113708496094,14.8677339553833,31.002479553222656,-5.208973407745361,26.116361618041992,-5.903287410736084,17.697696685791016,-2.637749671936035,13.292187690734863,-3.7179691791534424,14.035694122314453,-5.484759330749512,12.927135467529297,-3.321932554244995,11.86496639251709,2.1595053672790527,12.1218900680542,5.213626861572266,12.616299629211426,-0.1992993801832199,13.098332405090332,-9.740612983703613,13.53436279296875,218.3684539794922,89.5516128540039,71.11294555664062,398.17535400390625,0.15667767822742462,0.1375143826007843,0.2824281465022936,0.1721955963988005,2440.46572355846,1351.8693791814972,4429.902522935779,2479.8701879561104,2013.7095190477353,446.89084766048796,normal,sample_normal_03.wav
-200.1719512939453,49.19560241699219,47.73284149169922,49.94968795776367,16.181982040405273,31.567914962768555,-4.3676347732543945,25.746257781982422,-6.469320297241211,18.045352935791016,-3.0304036140441895,14.637401580810547,-3.496201515197754,13.644333839416504,-5.686563014984131,12.105690002441406,-3.0686023235321045,11.500853538513184,2.256722927093506,10.465235710144043,4.658778190612793,12.020035743713379,-0.8763840794563293,13.520720481872559,-9.368817329406738,14.41705322265625,221.08184814453125,95.54914093017578,69.27120208740234,398.5504455566406,0.1579904407262802,0.1383368968963623,0.28276730371900827,0.17426036874859172,2432.5564869872737,1363.998262126795,4403.602789256199,2495.5428925004726,2006.5261977487069,452.13792201815585,normal,sample_normal_04.wav
-201.09640502929688,46.185054779052734,48.67941665649414,49.563453674316406,21.669729232788086,27.332080841064453,0.14115433394908905,24.621257781982422,-3.905946731567383,18.743562698364258,-1.1042460203170776,12.12061595916748,-1.657044529914856,12.111035346984863,-5.42195987701416,13.318463325500488,-3.8514516353607178,12.517522811889648,3.0965473651885986,12.044708251953125,6.821540832519531,11.704658508300781,-0.19189146161079407,9.475226402282715,-10.66972827911377,10.722034454345703,204.26893615722656,87.32844543457031,71.516845703125,394.7191162109375,0.15862570703029633,0.13465742766857147,0.2762181332236842,0.1758830467772357,2383.9310676621253,1370.614804032467,4361.184210526316,2520.9549036879503,2027.5724671855403,438.88749880254926,normal,sample_normal_05.wav
-200.7842559814453,46.042205810546875,47.4588623046875,49.39656066894531,21.32518768310547,25.442752838134766,0.22980812191963196,23.557931900024414,-4.273443698883057,19.755197525024414,-0.6210671067237854,13.319733619689941,-0.3020387887954712,13.167932510375977,-4.38776159286499,14.804847717285156,-3.838892936706543,14.779611587524414,2.5935165882110596,13.571859359741211,6.996333599090576,12.339946746826172,1.5012469291687012,9.349048614501953,-8.730554580688477,10.896259307861328,194.8570556640625,95.23770904541016,66.69083404541016,399.75390625,0.16276858747005463,0.14009328186511993,0.2755533854166667,0.1744836347125808,2402.5804458117987,1366.7518470702994,4417.224702380952,2499.4285639726613,2032.6788315886092,437.59149888597534,normal,sample_normal_06.wav
-199.91348266601562,48.33611297607422,48.88120651245117,49.78923416137695,19.494125366210938,30.32887077331543,-0.08760644495487213,27.31110191345215,-2.224076747894287,19.84122085571289,0.2565758228302002,13.28664779663086,-0.799331545829773,14.111007690429688,-3.763867139816284,13.250360488891602,-3.698740005493164,12.37414264678955,1.848825216293335,13.061822891235352,5.598872184753418,13.023764610290527,2.001617193222046,9.780941009521484,-7.512056827545166,10.787355422973633,203.57876586914062,95.16602325439453,69.35865020751953,381.1976013183594,0.15511348843574524,0.13472247123718262,0.2822766426282051,0.17664638119323905,2411.8247760655795,1368.7018942422574,4392.027243589743,2487.472077316446,2015.1751638911417,442.6193732923003,normal,sample_normal_07.wav
-199.124267578125,48.82590103149414,48.62681198120117,49.84791946411133,18.115388870239258,30.421022415161133,-2.1109426021575928,26.004497528076172,-4.338263511657715,19.249116897583008,-1.620654582977295,12.669411659240723,-2.5395400524139404,12.63269329071045,-5.140766143798828,12.983475685119629,-3.839432954788208,12.328614234924316,1.7920209169387817,12.073260307312012,5.270204067230225,12.796585083007812,0.6429266929626465,11.000683784484863,-7.762260437011719,12.053085327148438,207.7054443359375,89.71783447265625,67.06074523925781,396.7223205566406,0.15693359076976776,0.13600456714630127,0.2815768659607438,0.1742082865145391,2419.860069781441,1358.754479640867,4407.5413223140495,2482.8207337116714,2017.6088133609119,446.94818173741345,normal,sample_normal_08.wav
-201.25244140625,47.45461654663086,48.899410247802734,49.20738220214844,20.181821823120117,31.042499542236328,1.497176170349121,27.147764205932617,-1.2203326225280762,20.343645095825195,1.1012907028198242,14.101785659790039,-0.9352682828903198,14.672826766967773,-4.263078212738037,13.874011039733887,-3.0524303913116455,12.682573318481445,2.76259446144104,13.661760330200195,6.597867488861084,13.452350616455078,2.5984365940093994,9.56479549407959,-7.637942790985107,10.83993148803711,171.73577880859375,84.86470794677734,67.77372741699219,371.54571533203125,0.1569049209356308,0.13389985263347626,0.27810127044392524,0.1757789205539941,2380.6620715084937,1367.0933198818204,4353.022780373832,2472.1266988243833,2007.998708755914,442.5432649772866,normal,sample_normal_09.wav
-200.8728790283203,45.468719482421875,49.555511474609375,49.68770217895508,24.639619827270508,27.395263671875,4.307108402252197,23.95142364501953,-1.5898103713989258,20.033618927001953,0.8559754490852356,13.977865219116211,0.14797909557819366,13.785468101501465,-3.651477813720703,13.69992733001709,-2.9376535415649414,13.679245948791504,3.695150375366211,13.729509353637695,7.611652851104736,13.071889877319336,1.8686504364013672,8.850518226623535,-9.171781539916992,9.682814598083496,189.7648468017578,92.5460205078125,66.90777587890625,383.48370361328125,0.15816080570220947,0.135959193110466,0.2766876220703125,0.17312321737907477,2381.339174333348,1375.147935557549,4380.289713541667,2502.410107093813,2025.572048136877,438.8294786052639,normal,sample_normal_10.wav
-201.2606201171875,47.066246032714844,47.820106506347656,48.83792495727539,18.400379180908203,24.275285720825195,-3.995082139968872,24.40962028503418,-7.1495866775512695,18.534160614013672,-2.3666489124298096,13.192959785461426,-1.993491291999817,12.895052909851074,-5.714028835296631,14.249271392822266,-4.073112487792969,13.26470947265625,2.6638782024383545,11.738471031188965,5.737223148345947,11.446779251098633,-0.36103513836860657,10.052145004272461,-11.634649276733398,12.328184127807617,191.70721435546875,87.91016387939453,69.65365600585938,393.9830322265625,0.16203798353672028,0.13820691406726837,0.27290215549698793,0.17431710024140018,2389.8989900815764,1352.109557090273,4370.293674698795,2487.555783448024,2022.948047770561,444.58516758539133,normal,sample_normal_11.wav
-201.218994140625,47.629119873046875,48.354061126708984,48.81892776489258,19.710323333740234,30.85521697998047,0.5127251744270325,26.602548599243164,-0.9071557521820068,19.8040714263916,0.5560922622680664,13.666138648986816,-1.6873586177825928,14.349021911621094,-4.0011091232299805,13.798081398010254,-2.75360107421875,13.43909740447998,2.5841193199157715,13.009451866149902,6.55165958404541,12.983078956604004,2.5446698665618896,9.902233123779297,-7.390005111694336,10.757665634155273,190.7417449951172,84.90690612792969,68.86046600341797,366.4850158691406,0.15642204880714417,0.13623175024986267,0.2792162413990826,0.17435171298605992,2413.936625622458,1365.686084479402,4420.513188073394,2480.710561480691,2023.6901994022808,443.6908815179657,normal,sample_normal_12.wav
-198.29005432128906,48.829097747802734,48.06673812866211,48.883785247802734,15.80553150177002,30.482545852661133,-4.17064094543457,26.827449798583984,-4.933061599731445,17.580795288085938,-2.568325996398926,13.359176635742188,-3.863129138946533,14.061345100402832,-5.355365753173828,12.60770034790039,-3.294038772583008,11.923683166503906,2.0431034564971924,11.246949195861816,5.5822367668151855,11.819229125976562,-0.29470759630203247,12.744303703308105,-10.384734153747559,13.93199634552002,211.61891174316406,94.29351043701172,70.20336151123047,399.4253845214844,0.15669134259223938,0.13393430411815643,0.2792462043042453,0.17600395671137764,2413.151210263593,1351.7190221516748,4385.023584905661,2474.8967102883053,2008.9901067189978,445.9086597911063,normal,sample_normal_13.wav
-204.34666442871094,44.55462646484375,47.901947021484375,49.72967529296875,22.855270385742188,27.585973739624023,2.214934825897217,23.888750076293945,-1.6615400314331055,18.870607376098633,0.5457174181938171,12.102482795715332,-1.1302764415740967,12.676822662353516,-4.90051794052124,13.808040618896484,-3.809927463531494,13.379868507385254,2.637838840484619,12.709636688232422,7.460538387298584,12.03683090209961,2.1653542518615723,9.273144721984863,-8.761670112609863,9.764785766601562,207.2289581298828,96.24425506591797,67.7931137084961,399.3458557128906,0.1502775102853775,0.1364385336637497,0.2841318167892157,0.17411035338185926,2435.122235254125,1370.2496690210905,4483.91544117647,2492.318550900776,2045.3361498341021,434.13471516884374,normal,sample_normal_14.wav
-203.58876037597656,47.60847091674805,47.8102912902832,50.556705474853516,20.992103576660156,27.426395416259766,-0.5291374325752258,24.54265594482422,-3.7985117435455322,18.69597625732422,-0.4977201521396637,12.325824737548828,-1.756726861000061,12.028325080871582,-5.034200191497803,12.857040405273438,-3.9660866260528564,12.119180679321289,3.3491756916046143,11.622407913208008,6.855276584625244,11.454963684082031,0.08261855691671371,9.28488826751709,-10.33178424835205,11.209127426147461,199.5833740234375,89.23636627197266,66.96949768066406,396.4813537597656,0.1561339646577835,0.1350662112236023,0.2787679036458333,0.17855720879689382,2408.0385904231766,1380.2808519953314,4384.521484375,2515.5628781121754,2024.936985895078,436.06507047858867,normal,sample_normal_15.wav
-201.18252563476562,48.12313461303711,46.38167190551758,49.510066986083984,15.935404777526855,24.80980110168457,-6.9789652824401855,24.87224006652832,-8.339912414550781,18.594614028930664,-2.3830673694610596,14.52100658416748,-2.053356647491455,13.041609764099121,-5.175417900085449,14.001084327697754,-3.284575939178467,13.395984649658203,2.7038135528564453,12.10332202911377,3.730865478515625,11.67662239074707,-2.998453140258789,10.582704544067383,-12.743916511535645,13.486427307128906,211.25430297851562,89.54052734375,68.49855041503906,388.8716125488281,0.16068227589130402,0.13818930089473724,0.28030250186011907,0.17340649640981776,2429.6990714582257,1357.2139407205616,4412.574404761905,2478.4519641924007,2016.4153122692976,444.9613917782206,normal,sample_normal_16.wav
-201.29940795898438,49.52300262451172,46.48577880859375,48.78033447265625,14.435661315917969,30.78603744506836,-5.413618087768555,26.3093318939209,-5.746177673339844,17.836423873901367,-2.3742499351501465,14.12608814239502,-3.117921829223633,13.950665473937988,-5.046726703643799,12.758631706237793,-2.8594110012054443,12.493940353393555,2.71291446685791,11.221713066101074,5.567605495452881,12.408700942993164,-0.18658559024333954,13.496246337890625,-9.396281242370605,14.195956230163574,216.69451904296875,95.0655288696289,72.34158325195312,399.2037353515625,0.15442048013210297,0.13384367525577545,0.2812544796444954,0.17278313308338877,2445.5449103088295,1356.7009798582258,4432.984518348624,2480.8765644352725,2012.1067732678528,448.8517775778722,normal,sample_normal_17.wav
-203.86715698242188,46.03784942626953,46.53595733642578,49.00625228881836,21.11656379699707,25.49322509765625,1.4122858047485352,23.20693588256836,-2.1063995361328125,19.58540916442871,0.7769820094108582,13.303910255432129,-0.31080570816993713,13.463577270507812,-3.719102144241333,14.51730728149414,-3.2153282165527344,13.852910041809082,3.384256362915039,12.764239311218262,7.572116851806641,12.848684310913086,1.9485151767730713,9.928504943847656,-8.774787902832031,10.646687507629395,191.2007293701172,87.26809692382812,69.35150146484375,391.21026611328125,0.1577291637659073,0.13559117913246155,0.274395751953125,0.17686667183032878,2399.669857613139,1363.5195289447493,4403.80859375,2495.539720445786,2031.4866465841108,440.49676587036896,normal,sample_normal_18.wav
-199.2879180908203,47.31902313232422,47.587493896484375,48.93867874145508,17.67891502380371,27.088153839111328,-2.6458892822265625,24.6469669342041,-5.45552396774292,18.783845901489258,-1.6834405660629272,13.98488998413086,-2.345501184463501,12.822840690612793,-5.074124813079834,13.58469009399414,-2.85724139213562,12.476591110229492,2.8187620639801025,10.769314765930176,3.7615132331848145,10.537348747253418,-2.792026996612549,9.586952209472656,-12.289987564086914,11.96249008178711,216.0337371826172,97.21392059326172,66.48624420166016,399.05267333984375,0.1525886356830597,0.13556087017059326,0.28536209405637253,0.1716842604299945,2441.8985688723365,1351.570710390779,4440.333946078431,2497.0091132859857,2029.2120053857348,438.6932991470945,normal,sample_normal_19.wav
-199.817138671875,47.714359283447266,48.9165153503418,50.04788589477539,19.310035705566406,30.726896286010742,-1.7026405334472656,26.546951293945312,-4.120577812194824,19.331218719482422,-1.4175200462341309,12.625301361083984,-2.37422251701355,13.263943672180176,-4.301455020904541,12.976051330566406,-3.5453622341156006,12.764432907104492,1.5885934829711914,13.272377967834473,4.730552673339844,13.154507637023926,1.3518069982528687,10.125493049621582,-7.121822834014893,11.766322135925293,206.10763549804688,90.50091552734375,67.8749771118164,379.41796875,0.1546308547258377,0.13413892686367035,0.2805034542871901,0.17407330643786287,2412.748867201225,1355.6681912939116,4393.401342975207,2477.81141915536,2016.53989606857,444.4730955690041,normal,sample_normal_20.wav
-104.6575698852539,52.41905975341797,74.34490203857422,35.13893508911133,37.49003601074219,16.696603775024414,25.236974716186523,13.7979097366333,16.395614624023438,14.52069091796875,10.148488998413086,14.288801193237305,5.379154682159424,13.209009170532227,2.7473702430725098,11.513267517089844,1.4660117626190186,10.220420837402344,-0.8387439846992493,9.563114166259766,-1.8367969989776611,7.84544563293457,-2.498844861984253,7.822693347930908,-2.448331832885742,6.779398441314697,156.95761108398438,76.96087646484375,66.6063003540039,380.8308410644531,0.28941619396209717,0.14385101199150085,0.330703125,0.04526275429726639,1730.0101620822472,1004.4957211871448,3722.8125,1912.527598861321,2058.2396415098633,310.87397345901576,stuttering,sample_stuttering_01.wav
-101.59172058105469,49.937564849853516,79.78095245361328,34.79487609863281,39.036521911621094,19.334524154663086,21.915987014770508,18.703521728515625,11.419290542602539,19.09085464477539,4.5275468826293945,15.752948760986328,1.450036644935608,12.779303550720215,-0.8457054495811462,10.841236114501953,-2.5260863304138184,9.829018592834473,-4.311496257781982,9.566228866577148,-5.465212345123291,9.139900207519531,-4.34307861328125,7.8477630615234375,-2.3523645401000977,7.2573161125183105,196.88540649414062,89.13003540039062,77.67315673828125,399.7850036621094,0.3081161379814148,0.13773483037948608,0.33035656637396693,0.03845272723231053,1633.4053990020711,939.4880407128347,3453.6415289256197,1916.8774195797628,2005.6156359579281,322.1745190549437,stuttering,sample_stuttering_02.wav
-110.04071044921875,52.754669189453125,73.80303192138672,39.072731018066406,38.746761322021484,19.64615249633789,23.571733474731445,13.844671249389648,11.566610336303711,14.078866004943848,3.9018330574035645,13.257997512817383,-0.3435831665992737,11.56351375579834,-3.4823970794677734,10.589171409606934,-4.464455604553223,9.876993179321289,-5.022240161895752,8.475495338439941,-5.096923828125,7.7170491218566895,-3.8966805934906006,6.504517555236816,-3.533653736114502,5.864413738250732,195.14764404296875,76.27854919433594,67.15807342529297,391.45391845703125,0.2704017162322998,0.15274806320667267,0.3342401413690476,0.04355479151838435,1841.9933735561083,1050.62281187192,3832.03125,2012.6283773361033,2061.8265631367863,333.0225765232743,stuttering,sample_stuttering_03.wav
-104.72016906738281,53.49434280395508,74.6405029296875,37.59275817871094,36.020694732666016,18.138439178466797,20.416034698486328,15.43078327178955,10.001786231994629,14.974860191345215,2.9272801876068115,13.44935131072998,-1.096988320350647,12.252945899963379,-3.169065237045288,10.595025062561035,-4.448541164398193,8.734004020690918,-5.0860748291015625,7.997289180755615,-5.629973888397217,7.481537342071533,-4.777385234832764,6.7539286613464355,-3.841832160949707,6.930774211883545,195.03076171875,85.39315032958984,70.8694839477539,394.0704650878906,0.26877936720848083,0.14688073098659515,0.3380126953125,0.047266180435000964,1848.8830529988375,1037.7992622542847,3878.5511363636365,1953.144143759486,2065.7886311981706,329.32851249959543,stuttering,sample_stuttering_04.wav
-113.39073944091797,52.99590301513672,70.73981475830078,36.186832427978516,38.501380920410156,18.307270050048828,25.437076568603516,13.545924186706543,15.652945518493652,13.945873260498047,8.994169235229492,13.778414726257324,4.205678939819336,12.553728103637695,1.383755087852478,11.009536743164062,-0.5938524603843689,10.714356422424316,-1.4778655767440796,9.282962799072266,-2.6576666831970215,8.988219261169434,-3.378446578979492,7.645179748535156,-2.486398220062256,7.440732479095459,168.42921447753906,77.01573944091797,70.37503814697266,387.011962890625,0.27235427498817444,0.15092657506465912,0.3283575148809524,0.04379874363352603,1808.5342071559605,1032.9439620310814,3861.6071428571427,1969.4420978214741,2085.187310377925,324.88686858186503,stuttering,sample_stuttering_05.wav
-111.9225845336914,47.9503288269043,76.28245544433594,34.35045623779297,42.239437103271484,18.91050910949707,25.67811393737793,19.177677154541016,14.488851547241211,21.162126541137695,7.8351359367370605,19.472314834594727,3.967576503753662,15.335296630859375,2.022740364074707,11.638461112976074,0.40760326385498047,9.528297424316406,-2.2196316719055176,8.76874828338623,-3.645565986633301,9.110322952270508,-4.522192001342773,8.745830535888672,-3.9420197010040283,7.508354187011719,172.40745544433594,89.93260955810547,66.60167694091797,396.69012451171875,0.2993541657924652,0.14093755185604095,0.3347981770833333,0.04112186471124679,1634.9585307418997,988.6789736251995,3426.7314189189187,2001.3777801038248,2010.8302046150652,331.1028439188498,stuttering,sample_stuttering_06.wav
-113.32952880859375,49.92019271850586,72.76090240478516,36.21478271484375,40.460567474365234,19.10357093811035,25.906076431274414,15.520960807800293,15.503826141357422,16.537370681762695,8.011987686157227,15.755269050598145,2.7933807373046875,13.74357795715332,0.4918034076690674,11.494601249694824,-1.031667709350586,10.606396675109863,-2.3682594299316406,9.285009384155273,-2.473752975463867,8.303312301635742,-4.05021333694458,7.236791133880615,-4.061912536621094,6.836058139801025,172.1690673828125,79.00743865966797,67.28205871582031,398.650634765625,0.2817073464393616,0.1437508910894394,0.3340640943877551,0.04138084421746481,1759.6335082642945,1029.7984140232988,3717.5542091836733,2010.999166070767,2058.88913457611,327.02147981250954,stuttering,sample_stuttering_07.wav
-99.94853973388672,54.010963439941406,77.20433044433594,34.771446228027344,35.6110725402832,19.457489013671875,21.11020851135254,16.858736038208008,11.600055694580078,15.36735725402832,4.006282329559326,13.351103782653809,-0.1269260197877884,12.853984832763672,-2.893037796020508,11.683813095092773,-4.570367813110352,10.198410034179688,-4.855130195617676,9.619304656982422,-5.332359790802002,8.55008602142334,-4.486414432525635,7.358781337738037,-3.589383363723755,6.921521186828613,192.74484252929688,84.70960235595703,66.62985229492188,383.39068603515625,0.2913438677787781,0.14719490706920624,0.33048905476485146,0.04469939745475864,1738.5397871330488,977.8671713522405,3696.704826732673,1902.9468279584266,2039.1708273301717,316.0933057890547,stuttering,sample_stuttering_08.wav
-99.46902465820312,53.01520919799805,78.34112548828125,35.00876235961914,36.26115798950195,15.652628898620605,21.828062057495117,15.502043724060059,12.191852569580078,17.202838897705078,6.9441986083984375,15.881156921386719,3.8419344425201416,12.99234676361084,1.74331796169281,11.149303436279297,-0.26092562079429626,10.269342422485352,-1.8799980878829956,9.129969596862793,-2.7787978649139404,9.057032585144043,-3.130906105041504,8.507553100585938,-2.8181450366973877,7.475203990936279,175.7590789794922,90.27833557128906,66.41827392578125,397.841796875,0.2938401401042938,0.1330244094133377,0.33142194177350426,0.03682520829596506,1672.3131301055466,945.3429172543254,3623.9983974358975,1815.8515613689676,2030.699781080829,310.80495057509887,stuttering,sample_stuttering_09.wav
-108.29229736328125,53.42030334472656,72.67630004882812,36.97630310058594,37.55132293701172,17.975830078125,24.653120040893555,14.9046630859375,14.992244720458984,16.01214599609375,8.146339416503906,15.921858787536621,3.8213138580322266,13.878910064697266,0.33946821093559265,11.875869750976562,-0.8907690048217773,10.2509183883667,-1.653289794921875,9.221789360046387,-2.3042991161346436,8.123497009277344,-2.6253280639648438,7.14945650100708,-2.9698009490966797,6.299337387084961,164.9864044189453,79.06913757324219,66.73072814941406,383.87481689453125,0.27966639399528503,0.148772194981575,0.3345439782303371,0.04485596417090056,1790.9496435574038,1047.4418010104162,3774.315308988764,2022.1488246908461,2062.9661011486214,327.70003403028204,stuttering,sample_stuttering_10.wav
-107.77955627441406,51.0084114074707,76.30290222167969,37.11149215698242,38.261234283447266,18.31867027282715,20.972576141357422,15.45110034942627,10.234203338623047,15.739038467407227,3.7608978748321533,14.444684982299805,-0.6328074932098389,12.507658958435059,-2.572354793548584,10.040541648864746,-3.295959234237671,8.865065574645996,-4.694821834564209,8.07500171661377,-4.907769680023193,7.900836944580078,-4.2021684646606445,7.366654872894287,-4.217828273773193,6.326537132263184,201.55810546875,81.45011138916016,68.38145446777344,392.0989990234375,0.27429914474487305,0.14838361740112305,0.33633456387362637,0.03990028886277797,1796.4756102945971,1022.0216309796399,3770.089285714286,2002.0604321975197,2054.1044597596856,336.1543355687821,stuttering,sample_stuttering_11.wav
-109.98512268066406,53.654197692871094,71.14844512939453,36.769920349121094,36.57064437866211,16.33193016052246,24.41350555419922,14.747509956359863,16.028039932250977,14.372712135314941,10.103925704956055,13.499369621276855,5.152247428894043,12.235416412353516,1.6867589950561523,10.99747085571289,-1.1263511180877686,9.928356170654297,-1.908100962638855,9.662209510803223,-3.3799877166748047,8.908976554870605,-4.226983070373535,7.946059703826904,-4.085897445678711,7.40887451171875,167.2154541015625,77.63185119628906,69.71669006347656,388.81536865234375,0.2771144509315491,0.1521439105272293,0.33394990808823527,0.04858959362683358,1820.68220963059,1050.4155965971127,3859.8345588235293,1963.3469103818754,2076.848146577491,320.35448059354565,stuttering,sample_stuttering_12.wav
-117.1987075805664,52.84267044067383,68.47545623779297,36.64235305786133,38.754425048828125,20.301658630371094,25.889129638671875,17.53196144104004,16.212106704711914,15.439268112182617,7.622450351715088,13.60539436340332,2.1012234687805176,11.790159225463867,-1.3689329624176025,11.293925285339355,-3.1684648990631104,10.70890998840332,-3.7719032764434814,9.884648323059082,-4.0817060470581055,8.505053520202637,-4.079893589019775,7.822591781616211,-3.231602907180786,6.098291397094727,186.52076721191406,73.92133331298828,70.76551055908203,363.2417907714844,0.27826398611068726,0.16148217022418976,0.33690185546875,0.04722874834351894,1844.6513500979254,1077.0327322502997,3850.09765625,2044.2940900577141,2082.2434050251773,325.20592250762746,stuttering,sample_stuttering_13.wav
-105.2273178100586,50.28672409057617,77.97312927246094,35.19084548950195,39.210060119628906,18.928010940551758,22.6622314453125,19.093029022216797,12.389640808105469,18.726818084716797,5.99152135848999,16.038951873779297,1.790677785873413,12.785270690917969,-0.6479535698890686,10.244563102722168,-2.589482545852661,9.56238842010498,-4.475178241729736,9.626936912536621,-5.332189559936523,9.51282787322998,-4.60643196105957,8.398815155029297,-3.000946521759033,7.963170528411865,195.64291381835938,89.53459167480469,67.8222885131836,395.4310607910156,0.3045128583908081,0.1406073421239853,0.33005286907327586,0.04476745899356044,1654.910807134378,965.8019132301116,3472.184806034483,1975.8620749801448,2007.7621646833609,333.75676931285875,stuttering,sample_stuttering_14.wav
-103.52728271484375,53.39841079711914,77.88067626953125,36.49529266357422,37.935577392578125,19.35803985595703,20.917526245117188,19.541566848754883,10.587080001831055,19.85744857788086,4.424022674560547,16.093475341796875,1.996565818786621,11.765278816223145,0.3883185088634491,9.996550559997559,-2.400763511657715,9.599891662597656,-3.8240485191345215,9.191585540771484,-4.670228004455566,9.117119789123535,-4.610052585601807,8.17621898651123,-3.266594409942627,7.43439245223999,186.70567321777344,90.07831573486328,66.61354064941406,397.9491271972656,0.2920072078704834,0.13559181988239288,0.33808336759868424,0.03995873091738332,1703.2380042130346,980.259313484556,3601.2883771929824,1935.8260583005367,2021.6396573251488,329.87675184633,stuttering,sample_stuttering_15.wav
-110.7975082397461,53.01479721069336,71.37533569335938,38.43943405151367,37.7836799621582,17.936691284179688,25.35044288635254,11.00839614868164,16.316722869873047,10.59554386138916,10.058478355407715,10.653714179992676,4.737300872802734,10.688515663146973,1.265352487564087,9.97723388671875,-0.9724798202514648,9.759408950805664,-2.072906970977783,7.92387580871582,-1.961972713470459,7.224229335784912,-1.7632701396942139,7.211855411529541,-2.6513376235961914,6.601827144622803,159.24908447265625,67.4568862915039,67.03754425048828,332.0783386230469,0.27365508675575256,0.15389186143875122,0.3337819169207317,0.04135933837137587,1837.516865769863,1061.769142308099,3913.300304878049,1968.9332093286362,2085.722795829375,315.32093053276384,stuttering,sample_stuttering_16.wav
-109.5358657836914,54.720340728759766,70.53126525878906,36.79960632324219,36.22169876098633,16.995752334594727,23.900545120239258,13.879345893859863,14.929572105407715,15.491018295288086,8.243785858154297,15.837331771850586,3.785459280014038,14.049359321594238,2.176485300064087,11.796623229980469,0.6047666072845459,9.899904251098633,-0.6015300154685974,9.062337875366211,-1.2398329973220825,9.059798240661621,-2.1740217208862305,8.064022064208984,-2.501810312271118,6.883664608001709,161.1352996826172,79.65629577636719,67.22278594970703,379.7143249511719,0.2778499126434326,0.14907974004745483,0.3330355557528409,0.04567312623693431,1806.5261534791418,1035.5490315569195,3873.7571022727275,1916.4235953202697,2084.075987984596,315.9009647701145,stuttering,sample_stuttering_17.wav
-110.37159729003906,49.31572723388672,76.14698028564453,36.796852111816406,40.20725631713867,18.818374633789062,23.34599494934082,17.8630428314209,12.752472877502441,21.052915573120117,6.6422014236450195,18.54010772705078,3.524710178375244,14.579361915588379,1.8935579061508179,11.988744735717773,0.02981853485107422,10.41379451751709,-2.4721884727478027,9.563567161560059,-3.9748406410217285,9.8307523727417,-4.074019908905029,8.687975883483887,-3.682827949523926,7.566281318664551,184.96961975097656,92.14630889892578,73.32526397705078,396.3187255859375,0.2897533178329468,0.13766556978225708,0.3345846473623853,0.04083324103369501,1677.8683931142382,985.5298543799008,3543.936353211009,1986.0382725946752,2022.1474843721132,340.7599713023871,stuttering,sample_stuttering_18.wav
-108.71866607666016,49.59856414794922,75.80599975585938,34.74061584472656,40.07624053955078,17.737285614013672,24.055946350097656,18.21883773803711,13.929157257080078,19.830272674560547,7.4462690353393555,17.411678314208984,4.543525695800781,13.824936866760254,2.124629020690918,11.646068572998047,-0.17303466796875,11.033939361572266,-1.3989382982254028,10.058534622192383,-2.9667246341705322,9.46025562286377,-3.515876054763794,8.295110702514648,-3.7963931560516357,8.030409812927246,180.65882873535156,90.3492202758789,68.423095703125,393.21490478515625,0.2954500913619995,0.13341909646987915,0.3360072544642857,0.04243005836963204,1644.970968743509,954.5670742776296,3520.15493697479,1910.730946588942,2026.5828450224406,322.37881116841714,stuttering,sample_stuttering_19.wav
-104.65444946289062,56.168277740478516,73.2239761352539,35.66870880126953,36.89936065673828,16.75177574157715,24.717546463012695,14.105301856994629,15.486161231994629,15.032474517822266,8.568227767944336,14.946878433227539,4.697587490081787,13.367253303527832,1.9985421895980835,11.368239402770996,0.035915713757276535,10.198385238647461,-1.4840139150619507,9.410789489746094,-1.501746654510498,9.404731750488281,-2.2780797481536865,8.666234016418457,-2.69828200340271,7.329078674316406,162.16990661621094,79.86077117919922,67.45014190673828,382.7342224121094,0.2891154885292053,0.14763222634792328,0.3295542399088542,0.04321968584339624,1748.3628340197884,989.252344800181,3795.0846354166665,1896.6213097872728,2071.337382092252,314.08589502485853,stuttering,sample_stuttering_20.wav
